p_within;p_between;avg_spike_counts;std_spike_counts
0.1;0.05;0.0;0.0
0.2;0.05;0.0;0.0
0.2;0.15000000000000002;0.0;0.0
0.30000000000000004;0.05;0.0;0.0
0.30000000000000004;0.15000000000000002;0.0;0.0
0.30000000000000004;0.25000000000000006;0.0;0.0
0.4;0.05;0.0;0.0
0.4;0.15000000000000002;0.0;0.0
0.4;0.25000000000000006;0.0;0.0
0.4;0.35000000000000003;0.0;0.0
0.5;0.05;0.0;0.0
0.5;0.15000000000000002;0.0;0.0
0.5;0.25000000000000006;0.0;0.0
0.5;0.35000000000000003;0.0;0.0
0.5;0.45000000000000007;0.16;0.0
0.6;0.05;0.0;0.0
0.6;0.15000000000000002;0.0;0.0
0.6;0.25000000000000006;0.0;0.0
0.6;0.35000000000000003;0.0;0.0
0.6;0.45000000000000007;0.0;0.0
0.6;0.5500000000000002;1.88;0.0
0.7000000000000001;0.05;0.0;0.0
0.7000000000000001;0.15000000000000002;0.0;0.0
0.7000000000000001;0.25000000000000006;0.0;0.0
0.7000000000000001;0.35000000000000003;0.0;0.0
0.7000000000000001;0.45000000000000007;0.28;0.0
0.7000000000000001;0.5500000000000002;1.18;0.0
0.7000000000000001;0.6500000000000001;4.74;0.0
0.8;0.05;0.0;0.0
0.8;0.15000000000000002;0.0;0.0
0.8;0.25000000000000006;0.0;0.0
0.8;0.35000000000000003;0.0;0.0
0.8;0.45000000000000007;0.0;0.0
0.8;0.5500000000000002;0.88;0.0
0.8;0.6500000000000001;4.64;0.0
0.8;0.7500000000000002;4.86;0.0
0.9;0.05;0.0;0.0
0.9;0.15000000000000002;0.0;0.0
0.9;0.25000000000000006;0.0;0.0
0.9;0.35000000000000003;0.0;0.0
0.9;0.45000000000000007;0.26;0.0
0.9;0.5500000000000002;1.78;0.0
0.9;0.6500000000000001;5.18;0.0
0.9;0.7500000000000002;8.32;0.0
0.9;0.8500000000000002;10.92;0.0
1.0;0.05;0.0;0.0
1.0;0.15000000000000002;0.0;0.0
1.0;0.25000000000000006;0.0;0.0
1.0;0.35000000000000003;0.0;0.0
1.0;0.45000000000000007;0.0;0.0
1.0;0.5500000000000002;1.24;0.0
1.0;0.6500000000000001;4.44;0.0
1.0;0.7500000000000002;7.18;0.0
1.0;0.8500000000000002;15.48;0.0
1.0;0.9500000000000002;12.8;0.0
