p_within;p_between;avg_spike_counts;std_spike_counts
0.15;0.01;0.0001377289377289377;0.0012980777237979353
0.15;0.05;0.2961504273504274;0.41550137502503426
0.15;0.09;1.6680341880341882;1.8214014519271038
0.15;0.13;4.629691819291819;4.5681606219647115
