p_within;p_between;avg_spike_counts;std_spike_counts
0.15;0.01;0.0003966547192353644;0.0021785553100480684
0.15;0.05;0.32722102747909204;0.46603240213452274
0.15;0.09;1.757094384707288;1.9140491011451737
0.15;0.13;4.805414575866188;4.703481404196005
