p_within;p_between;avg_spike_counts;std_spike_counts
0.15;0.01;0.0008238258877434135;0.0030331321298654548
0.15;0.05;0.3712540664375716;0.5062018244339649
0.15;0.09;1.9011079037800689;2.0046504084412153
0.15;0.13;5.061300343642612;4.771009623680721
