p_within;p_between;avg_spike_counts;std_spike_counts
0.15;0.01;0.000575438596491228;0.0025231342322777554
0.15;0.05;0.3445950877192983;0.4761453606212148
0.15;0.09;1.817868538011696;1.9399983016616378
0.15;0.13;4.92308865497076;4.7230659414205824
