p_within;p_between;avg_spike_counts;std_spike_counts
0.15;0.01;0.00045484633569739947;0.0022409370392884177
0.15;0.05;0.3354524822695036;0.47029674996997384
0.15;0.09;1.7931347517730494;1.9353150331833426
0.15;0.13;4.870397163120567;4.72021833165307
