p_within;p_between;avg_spike_counts;std_spike_counts
0.15;0.01;0.0;0.0
0.15;0.05;0.025904761904761906;0.03692193148987889
0.15;0.09;0.2727619047619047;0.38099135250395333
0.15;0.13;1.3368253968253967;1.5077637889387954
