p_within;p_between;avg_spike_counts;std_spike_counts
0.15;0.01;0.0010738496071829406;0.003482886496750765
0.15;0.05;0.39735937149270484;0.5342378940768507
0.15;0.09;1.9696511784511783;2.041825873795231
0.15;0.13;5.199793490460157;4.825394218001738
