p_within;p_between;avg_spike_counts;std_spike_counts
0.15;0.01;0.0;0.0
0.15;0.05;0.07394444444444444;0.131709920227824
0.15;0.09;0.531611111111111;0.7720301099961975
0.15;0.13;2.215777777777778;2.7197580230056686
