p_within;p_between;avg_spike_counts;std_spike_counts
0.15;0.01;0.00026570048309178745;0.0017814693346415345
0.15;0.05;0.31670821256038645;0.4574510981929929
0.15;0.09;1.7306299516908215;1.9073916341701722
0.15;0.13;4.758965217391304;4.707677281319196
