p_within;p_between;avg_spike_counts;std_spike_counts
0.15;0.01;0.0009650793650793652;0.0033250448728400035
0.15;0.05;0.3818802721088435;0.5143807299807085
0.15;0.09;1.9314167800453514;2.016623587826117
0.15;0.13;5.115007709750567;4.776010043128523
