p_within;p_between;avg_spike_counts;std_spike_counts
0.15;0.01;0.0006962962962962962;0.0027771752432933705
0.15;0.05;0.35658240740740743;0.48786896420423237
0.15;0.09;1.8557842592592595;1.9649930983342412
0.15;0.13;4.98680462962963;4.7393114650176456
