p_within;p_between;avg_spike_counts;std_spike_counts
0.1;0.05;0.0;0.0
0.2;0.05;0.0;0.0
0.2;0.15000000000000002;0.0;0.0
0.30000000000000004;0.05;0.0;0.0
0.30000000000000004;0.15000000000000002;0.0;0.0
0.30000000000000004;0.25000000000000006;0.0;0.0
0.4;0.05;0.0;0.0
0.4;0.15000000000000002;0.0;0.0
0.4;0.25000000000000006;0.02;0.0
0.4;0.35000000000000003;6.96;0.0
0.5;0.05;0.0;0.0
0.5;0.15000000000000002;0.0;0.0
0.5;0.25000000000000006;0.0;0.0
0.5;0.35000000000000003;8.12;0.0
0.5;0.45000000000000007;25.02;0.0
0.6;0.05;0.0;0.0
0.6;0.15000000000000002;0.0;0.0
0.6;0.25000000000000006;0.08;0.0
0.6;0.35000000000000003;9.5;0.0
0.6;0.45000000000000007;25.06;0.0
0.6;0.5500000000000002;29.0;0.0
0.7000000000000001;0.05;0.0;0.0
0.7000000000000001;0.15000000000000002;0.0;0.0
0.7000000000000001;0.25000000000000006;0.06;0.0
0.7000000000000001;0.35000000000000003;12.88;0.0
0.7000000000000001;0.45000000000000007;26.9;0.0
0.7000000000000001;0.5500000000000002;29.4;0.0
0.7000000000000001;0.6500000000000001;34.76;0.0
0.8;0.05;0.0;0.0
0.8;0.15000000000000002;0.0;0.0
0.8;0.25000000000000006;0.08;0.0
0.8;0.35000000000000003;13.5;0.0
0.8;0.45000000000000007;28.14;0.0
0.8;0.5500000000000002;31.6;0.0
0.8;0.6500000000000001;35.66;0.0
0.8;0.7500000000000002;39.52;0.0
0.9;0.05;0.0;0.0
0.9;0.15000000000000002;0.0;0.0
0.9;0.25000000000000006;0.52;0.0
0.9;0.35000000000000003;17.62;0.0
0.9;0.45000000000000007;27.9;0.0
0.9;0.5500000000000002;32.5;0.0
0.9;0.6500000000000001;36.76;0.0
0.9;0.7500000000000002;39.8;0.0
0.9;0.8500000000000002;41.0;0.0
1.0;0.05;0.0;0.0
1.0;0.15000000000000002;0.02;0.0
1.0;0.25000000000000006;1.62;0.0
1.0;0.35000000000000003;19.22;0.0
1.0;0.45000000000000007;30.06;0.0
1.0;0.5500000000000002;33.5;0.0
1.0;0.6500000000000001;36.72;0.0
1.0;0.7500000000000002;40.92;0.0
1.0;0.8500000000000002;41.0;0.0
1.0;0.9500000000000002;41.0;0.0
